dis,sNumber,sTag,servArea,incType,numInc,numStand,perMet,90Avg,q,rank,rankQ4
CENTRAL,11,agr,CENTRAL,nonInc,14,296,93.06,7.13,1,1,1
CENTRAL,11,agr,CENTRAL,emInc,317,296,93.06,7.13,1,1,1
EASTERN,11,agr,EASTERN,nonInc,15,106,92.18,7.65,1,2,2
EASTERN,11,agr,EASTERN,emInc,114,106,92.18,7.65,1,2,2
NORTH & WEST REGIONAL,6,agr,NORTH & WEST REGIONAL,nonInc,7,96,90.82,7.5,1,3,4
NORTH & WEST REGIONAL,6,agr,NORTH & WEST REGIONAL,emInc,106,96,90.82,7.5,1,3,4
SOUTH & EAST REGIONAL,6,agr,SOUTH & EAST REGIONAL,nonInc,4,78,89.92,7.67,1,4,5
SOUTH & EAST REGIONAL,6,agr,SOUTH & EAST REGIONAL,emInc,88,78,89.92,7.67,1,4,5
SOUTHERN D1,9,agr,SOUTHERN D1,nonInc,14,151,88.51,7.84,1,5,3
SOUTHERN D1,9,agr,SOUTHERN D1,emInc,172,151,88.51,7.84,1,5,3
NORTHERN,11,agr,NORTHERN,nonInc,14,131,88.17,8.12,1,6,7
NORTHERN,11,agr,NORTHERN,emInc,147,131,88.17,8.12,1,6,7
WESTERN D3,5,agr,WESTERN D3,nonInc,6,108,84.6,8.14,1,7,6
WESTERN D3,5,agr,WESTERN D3,emInc,125,108,84.6,8.14,1,7,6
SOUTHERN D2,8,agr,SOUTHERN D2,nonInc,10,135,81.09,8.72,1,8,8
SOUTHERN D2,8,agr,SOUTHERN D2,emInc,167,135,81.09,8.72,1,8,8
WESTERN D1,9,agr,WESTERN D1,nonInc,7,93,79.57,8.78,1,9,10
WESTERN D1,9,agr,WESTERN D1,emInc,117,93,79.57,8.78,1,9,10
WESTERN D2,10,agr,WESTERN D2,nonInc,8,97,78.99,9.06,1,10,9
WESTERN D2,10,agr,WESTERN D2,emInc,122,97,78.99,9.06,1,10,9
CENTRAL,11,agr,CENTRAL,nonInc,28,246,91.77,7.28,2,1,1
CENTRAL,11,agr,CENTRAL,emInc,265,246,91.77,7.28,2,1,1
EASTERN,11,agr,EASTERN,nonInc,24,89,89.69,7.65,2,2,2
EASTERN,11,agr,EASTERN,emInc,98,89,89.69,7.65,2,2,2
SOUTH & EAST REGIONAL,6,agr,SOUTH & EAST REGIONAL,nonInc,5,76,87.35,7.95,2,3,5
SOUTH & EAST REGIONAL,6,agr,SOUTH & EAST REGIONAL,emInc,88,76,87.35,7.95,2,3,5
SOUTHERN D1,9,agr,SOUTHERN D1,nonInc,31,125,86.99,8.03,2,4,3
SOUTHERN D1,9,agr,SOUTHERN D1,emInc,145,125,86.99,8.03,2,4,3
NORTH & WEST REGIONAL,6,agr,NORTH & WEST REGIONAL,nonInc,7,77,86.73,7.98,2,5,4
NORTH & WEST REGIONAL,6,agr,NORTH & WEST REGIONAL,emInc,88,77,86.73,7.98,2,5,4
NORTHERN,11,agr,NORTHERN,nonInc,23,106,86.59,8.19,2,6,7
NORTHERN,11,agr,NORTHERN,emInc,122,106,86.59,8.19,2,6,7
SOUTHERN D2,8,agr,SOUTHERN D2,nonInc,25,109,84.96,8.44,2,7,8
SOUTHERN D2,8,agr,SOUTHERN D2,emInc,128,109,84.96,8.44,2,7,8
WESTERN D3,5,agr,WESTERN D3,nonInc,15,88,82.64,8.18,2,8,6
WESTERN D3,5,agr,WESTERN D3,emInc,103,88,82.64,8.18,2,8,6
WESTERN D1,9,agr,WESTERN D1,nonInc,17,78,79.82,8.68,2,9,10
WESTERN D1,9,agr,WESTERN D1,emInc,98,78,79.82,8.68,2,9,10
WESTERN D2,10,agr,WESTERN D2,nonInc,23,82,78.11,8.88,2,10,9
WESTERN D2,10,agr,WESTERN D2,emInc,105,82,78.11,8.88,2,10,9
NORTH & WEST REGIONAL,6,agr,NORTH & WEST REGIONAL,nonInc,7,72,93.25,7.3,3,1,4
NORTH & WEST REGIONAL,6,agr,NORTH & WEST REGIONAL,emInc,78,72,93.25,7.3,3,1,4
CENTRAL,11,agr,CENTRAL,nonInc,24,232,92.96,6.99,3,2,1
CENTRAL,11,agr,CENTRAL,emInc,247,232,92.96,6.99,3,2,1
NORTHERN,11,agr,NORTHERN,nonInc,21,95,89.37,7.97,3,3,7
NORTHERN,11,agr,NORTHERN,emInc,107,95,89.37,7.97,3,3,7
SOUTH & EAST REGIONAL,6,agr,SOUTH & EAST REGIONAL,nonInc,7,67,88.55,7.77,3,4,5
SOUTH & EAST REGIONAL,6,agr,SOUTH & EAST REGIONAL,emInc,76,67,88.55,7.77,3,4,5
SOUTHERN D1,9,agr,SOUTHERN D1,nonInc,25,112,88.06,7.96,3,5,3
SOUTHERN D1,9,agr,SOUTHERN D1,emInc,128,112,88.06,7.96,3,5,3
EASTERN,11,agr,EASTERN,nonInc,15,79,86.81,8.01,3,6,2
EASTERN,11,agr,EASTERN,emInc,89,79,86.81,8.01,3,6,2
SOUTHERN D2,8,agr,SOUTHERN D2,nonInc,27,97,86.01,8.28,3,7,8
SOUTHERN D2,8,agr,SOUTHERN D2,emInc,113,97,86.01,8.28,3,7,8
WESTERN D1,8,agr,WESTERN D1,nonInc,19,81,82.65,8.45,3,8,10
WESTERN D1,8,agr,WESTERN D1,emInc,97,81,82.65,8.45,3,8,10
WESTERN D3,5,agr,WESTERN D3,nonInc,15,77,82.26,7.91,3,9,6
WESTERN D3,5,agr,WESTERN D3,emInc,90,77,82.26,7.91,3,9,6
WESTERN D2,10,agr,WESTERN D2,nonInc,20,81,80.69,8.89,3,10,9
WESTERN D2,10,agr,WESTERN D2,emInc,100,81,80.69,8.89,3,10,9
CENTRAL,11,agr,CENTRAL,nonInc,32,260,90.7,7.39,4,1,1
CENTRAL,11,agr,CENTRAL,emInc,284,260,90.7,7.39,4,1,1
EASTERN,11,agr,EASTERN,nonInc,30,94,89.46,7.7,4,2,2
EASTERN,11,agr,EASTERN,emInc,104,94,89.46,7.7,4,2,2
SOUTHERN D1,9,agr,SOUTHERN D1,nonInc,36,134,86.89,8.02,4,3,3
SOUTHERN D1,9,agr,SOUTHERN D1,emInc,156,134,86.89,8.02,4,3,3
NORTH & WEST REGIONAL,6,agr,NORTH & WEST REGIONAL,nonInc,13,79,86.47,7.98,4,4,4
NORTH & WEST REGIONAL,6,agr,NORTH & WEST REGIONAL,emInc,93,79,86.47,7.98,4,4,4
SOUTH & EAST REGIONAL,6,agr,SOUTH & EAST REGIONAL,nonInc,9,73,86.43,8.09,4,5,5
SOUTH & EAST REGIONAL,6,agr,SOUTH & EAST REGIONAL,emInc,84,73,86.43,8.09,4,5,5
WESTERN D3,5,agr,WESTERN D3,nonInc,21,86,86.38,7.83,4,6,6
WESTERN D3,5,agr,WESTERN D3,emInc,100,86,86.38,7.83,4,6,6
NORTHERN,11,agr,NORTHERN,nonInc,33,113,86.18,8.19,4,7,7
NORTHERN,11,agr,NORTHERN,emInc,132,113,86.18,8.19,4,7,7
SOUTHERN D2,8,agr,SOUTHERN D2,nonInc,33,117,85.21,8.63,4,8,8
SOUTHERN D2,8,agr,SOUTHERN D2,emInc,138,117,85.21,8.63,4,8,8
WESTERN D2,10,agr,WESTERN D2,nonInc,28,93,79.46,9,4,9,9
WESTERN D2,10,agr,WESTERN D2,emInc,117,93,79.46,9,4,9,9
WESTERN D1,8,agr,WESTERN D1,nonInc,27,97,77.96,9.05,4,10,10
WESTERN D1,8,agr,WESTERN D1,emInc,125,97,77.96,9.05,4,10,10
CENTRAL,1,FS1,Eastern Hill,nonInc,14,339,98,5.7,1,1,2
CENTRAL,1,FS1,Eastern Hill,emInc,346,339,98,5.7,1,1,2
SOUTH & EAST REGIONAL,78,FS78,Morwell,nonInc,1,50,98,6.7,1,2,15
SOUTH & EAST REGIONAL,78,FS78,Morwell,emInc,51,50,98,6.7,1,2,15
EASTERN,85,FS85,Boronia,nonInc,15,95,97.9,7,1,3,28
EASTERN,85,FS85,Boronia,emInc,97,95,97.9,7,1,3,28
CENTRAL,3,FS3,Carlton,nonInc,1,328,96.5,6.4,1,4,3
CENTRAL,3,FS3,Carlton,emInc,340,328,96.5,6.4,1,4,3
NORTHERN,12,FS12,Preston,nonInc,24,193,96.5,7.3,1,5,12
NORTHERN,12,FS12,Preston,emInc,200,193,96.5,7.3,1,5,12
NORTH & WEST REGIONAL,67,FS67,Ballarat City,nonInc,5,120,96,6.2,1,6,4
NORTH & WEST REGIONAL,67,FS67,Ballarat City,emInc,125,120,96,6.2,1,6,4
CENTRAL,4,FS4,Brunswick,nonInc,15,207,95.8,6.8,1,7,17
CENTRAL,4,FS4,Brunswick,emInc,216,207,95.8,6.8,1,7,17
CENTRAL,10,FS10,Richmond,nonInc,10,334,95.7,6.5,1,8,16
CENTRAL,10,FS10,Richmond,emInc,349,334,95.7,6.5,1,8,16
EASTERN,28,FS28,Vermont South,nonInc,15,134,95.7,7.1,1,9,19
EASTERN,28,FS28,Vermont South,emInc,140,134,95.7,7.1,1,9,19
SOUTHERN D1,86,FS86,Rowville,nonInc,1,65,95.6,6.7,1,10,21
SOUTHERN D1,86,FS86,Rowville,emInc,68,65,95.6,6.7,1,10,21
EASTERN,20,FS20,Box Hill,nonInc,27,168,95.5,7,1,11,10
EASTERN,20,FS20,Box Hill,emInc,176,168,95.5,7,1,11,10
CENTRAL,38,FS38,South Melbourne,nonInc,13,432,95.2,6.6,1,12,14
CENTRAL,38,FS38,South Melbourne,emInc,454,432,95.2,6.6,1,12,14
CENTRAL,2,FS2,West Melbourne,nonInc,6,343,95,6.8,1,13,7
CENTRAL,2,FS2,West Melbourne,emInc,361,343,95,6.8,1,13,7
WESTERN D3,66,FS66,Ocean Grove,nonInc,1,19,95,6.1,1,14,1
WESTERN D3,66,FS66,Ocean Grove,emInc,20,19,95,6.1,1,14,1
EASTERN,22,FS22,Ringwood,nonInc,11,131,94.9,7.2,1,15,22
EASTERN,22,FS22,Ringwood,emInc,138,131,94.9,7.2,1,15,22
SOUTHERN D1,25,FS25,Oakleigh,nonInc,23,146,94.8,7.3,1,16,29
SOUTHERN D1,25,FS25,Oakleigh,emInc,154,146,94.8,7.3,1,16,29
SOUTHERN D2,94,FS94,Mornington,nonInc,8,72,94.7,7.3,1,17,25
SOUTHERN D2,94,FS94,Mornington,emInc,76,72,94.7,7.3,1,17,25
EASTERN,26,FS26,Croydon,nonInc,19,118,94.4,7.3,1,18,11
EASTERN,26,FS26,Croydon,emInc,125,118,94.4,7.3,1,18,11
WESTERN D2,44,FS44,Sunshine,nonInc,13,193,94.1,7.3,1,19,24
WESTERN D2,44,FS44,Sunshine,emInc,205,193,94.1,7.3,1,19,24
WESTERN D1,42,FS42,Newport,nonInc,7,74,93.7,7.5,1,20,43
WESTERN D1,42,FS42,Newport,emInc,79,74,93.7,7.5,1,20,43
NORTH & WEST REGIONAL,73,FS73,Bendigo,nonInc,12,177,93.7,7.4,1,21,65
NORTH & WEST REGIONAL,73,FS73,Bendigo,emInc,189,177,93.7,7.4,1,21,65
NORTHERN,14,FS14,Bundoora,nonInc,9,170,93.4,7.4,1,22,46
NORTHERN,14,FS14,Bundoora,emInc,182,170,93.4,7.4,1,22,46
WESTERN D1,47,FS47,Footscray,nonInc,16,173,93,7.5,1,23,35
WESTERN D1,47,FS47,Footscray,emInc,186,173,93,7.5,1,23,35
NORTHERN,7,FS7,Thomastown,nonInc,19,124,92.5,7.7,1,24,45
NORTHERN,7,FS7,Thomastown,emInc,134,124,92.5,7.7,1,24,45
EASTERN,23,FS23,Burwood,nonInc,21,142,92.2,7.6,1,25,5
EASTERN,23,FS23,Burwood,emInc,154,142,92.2,7.6,1,25,5
SOUTH & EAST REGIONAL,77,FS77,Traralgon,nonInc,4,82,92.1,7.1,1,26,52
SOUTH & EAST REGIONAL,77,FS77,Traralgon,emInc,89,82,92.1,7.1,1,26,52
NORTHERN,15,FS15,Heidelberg,nonInc,25,200,91.7,7.5,1,27,42
NORTHERN,15,FS15,Heidelberg,emInc,218,200,91.7,7.5,1,27,42
WESTERN D3,64,FS64,Belmont,nonInc,6,100,91.7,7.5,1,28,27
WESTERN D3,64,FS64,Belmont,emInc,109,100,91.7,7.5,1,28,27
SOUTH & EAST REGIONAL,74,FS74,Wangaratta,nonInc,1,65,91.5,6.7,1,29,38
SOUTH & EAST REGIONAL,74,FS74,Wangaratta,emInc,71,65,91.5,6.7,1,29,38
WESTERN D3,63,FS63,Geelong City,nonInc,9,203,91.4,7.7,1,30,9
WESTERN D3,63,FS63,Geelong City,emInc,222,203,91.4,7.7,1,30,9
CENTRAL,35,FS35,Windsor,nonInc,36,546,91.3,7.6,1,31,34
CENTRAL,35,FS35,Windsor,emInc,598,546,91.3,7.6,1,31,34
NORTH & WEST REGIONAL,68,FS68,Lucas,nonInc,5,40,90.9,7.6,1,32,50
NORTH & WEST REGIONAL,68,FS68,Lucas,emInc,44,40,90.9,7.6,1,32,50
SOUTHERN D1,33,FS33,Mentone,nonInc,19,129,90.2,8,1,33,37
SOUTHERN D1,33,FS33,Mentone,emInc,143,129,90.2,8,1,33,37
EASTERN,19,FS19,North Balwyn,nonInc,20,109,90.1,7.7,1,34,61
EASTERN,19,FS19,North Balwyn,emInc,121,109,90.1,7.7,1,34,61
SOUTHERN D1,32,FS32,Ormond,nonInc,14,185,89.8,7.8,1,35,62
SOUTHERN D1,32,FS32,Ormond,emInc,206,185,89.8,7.8,1,35,62
NORTH & WEST REGIONAL,71,FS71,Portland,nonInc,3,26,89.7,7.6,1,36,51
NORTH & WEST REGIONAL,71,FS71,Portland,emInc,29,26,89.7,7.6,1,36,51
EASTERN,84,FS84,South Warrandyte,nonInc,4,17,89.5,8.9,1,37,70
EASTERN,84,FS84,South Warrandyte,emInc,19,17,89.5,8.9,1,37,70
CENTRAL,18,FS18,Hawthorn,nonInc,23,218,89.3,7.9,1,38,47
CENTRAL,18,FS18,Hawthorn,emInc,244,218,89.3,7.9,1,38,47
SOUTHERN D2,91,FS91,Frankston,nonInc,8,251,89.3,7.9,1,39,26
SOUTHERN D2,91,FS91,Frankston,emInc,281,251,89.3,7.9,1,39,26
CENTRAL,50,FS50,Ascot Vale,nonInc,8,190,89.2,7.9,1,40,48
CENTRAL,50,FS50,Ascot Vale,emInc,213,190,89.2,7.9,1,40,48
SOUTH & EAST REGIONAL,79,FS79,Latrobe West,nonInc,4,49,89.1,8.1,1,41,53
SOUTH & EAST REGIONAL,79,FS79,Latrobe West,emInc,55,49,89.1,8.1,1,41,53
CENTRAL,39,FS39,Port Melbourne,nonInc,5,154,89,8.3,1,42,32
CENTRAL,39,FS39,Port Melbourne,emInc,173,154,89,8.3,1,42,32
NORTHERN,16,FS16,Greensborough,nonInc,11,71,88.8,8.9,1,43,31
NORTHERN,16,FS16,Greensborough,emInc,80,71,88.8,8.9,1,43,31
EASTERN,27,FS27,Nunawading,nonInc,11,119,88.8,8.3,1,44,18
EASTERN,27,FS27,Nunawading,emInc,134,119,88.8,8.3,1,44,18
NORTHERN,5,FS5,Broadmeadows,nonInc,21,212,88.7,8.2,1,45,69
NORTHERN,5,FS5,Broadmeadows,emInc,239,212,88.7,8.2,1,45,69
CENTRAL,13,FS13,Northcote,nonInc,23,165,88.7,7.9,1,46,59
CENTRAL,13,FS13,Northcote,emInc,186,165,88.7,7.9,1,46,59
EASTERN,82,FS82,Eltham City,nonInc,16,53,88.3,8,1,47,39
EASTERN,82,FS82,Eltham City,emInc,60,53,88.3,8,1,47,39
NORTH & WEST REGIONAL,72,FS72,Mildura,nonInc,12,113,87.6,8.3,1,48,33
NORTH & WEST REGIONAL,72,FS72,Mildura,emInc,129,113,87.6,8.3,1,48,33
WESTERN D2,43,FS43,Deer Park,nonInc,14,117,87.3,8.4,1,49,73
WESTERN D2,43,FS43,Deer Park,emInc,134,117,87.3,8.4,1,49,73
NORTHERN,11,FS11,Epping,nonInc,13,115,87.1,8.3,1,50,23
NORTHERN,11,FS11,Epping,emInc,132,115,87.1,8.3,1,50,23
SOUTHERN D2,95,FS95,Rosebud,nonInc,8,54,87.1,7.7,1,51,6
SOUTHERN D2,95,FS95,Rosebud,emInc,62,54,87.1,7.7,1,51,6
NORTH & WEST REGIONAL,70,FS70,Warrnambool,nonInc,10,100,87,7.9,1,52,60
NORTH & WEST REGIONAL,70,FS70,Warrnambool,emInc,115,100,87,7.9,1,52,60
EASTERN,30,FS30,Templestowe,nonInc,9,72,86.7,8,1,53,40
EASTERN,30,FS30,Templestowe,emInc,83,72,86.7,8,1,53,40
SOUTHERN D1,29,FS29,Clayton,nonInc,13,95,86.4,8,1,54,8
SOUTHERN D1,29,FS29,Clayton,emInc,110,95,86.4,8,1,54,8
SOUTHERN D1,31,FS31,Glen Waverley,nonInc,12,248,86.4,8.1,1,55,54
SOUTHERN D1,31,FS31,Glen Waverley,emInc,287,248,86.4,8.1,1,55,54
SOUTHERN D1,24,FS24,Malvern,nonInc,8,144,86.2,8.2,1,56,30
SOUTHERN D1,24,FS24,Malvern,emInc,167,144,86.2,8.2,1,56,30
WESTERN D2,41,FS41,St Albans,nonInc,8,81,86.2,8.4,1,57,13
WESTERN D2,41,FS41,St Albans,emInc,94,81,86.2,8.4,1,57,13
SOUTH & EAST REGIONAL,75,FS75,Shepparton,nonInc,5,148,85.5,8.7,1,58,41
SOUTH & EAST REGIONAL,75,FS75,Shepparton,emInc,173,148,85.5,8.7,1,58,41
WESTERN D3,62,FS62,Corio,nonInc,11,186,85.3,8.3,1,59,64
WESTERN D3,62,FS62,Corio,emInc,218,186,85.3,8.3,1,59,64
NORTHERN,9,FS9,Somerton,nonInc,6,69,84.1,8.2,1,60,20
NORTHERN,9,FS9,Somerton,emInc,82,69,84.1,8.2,1,60,20
SOUTHERN D1,34,FS34,Highett,nonInc,23,216,84,8.2,1,61,68
SOUTHERN D1,34,FS34,Highett,emInc,257,216,84,8.2,1,61,68
SOUTH & EAST REGIONAL,76,FS76,Wodonga,nonInc,9,70,83.3,8.7,1,62,66
SOUTH & EAST REGIONAL,76,FS76,Wodonga,emInc,84,70,83.3,8.7,1,62,66
SOUTHERN D1,89,FS89,Springvale,nonInc,17,124,83.2,8.3,1,63,63
SOUTHERN D1,89,FS89,Springvale,emInc,149,124,83.2,8.3,1,63,63
SOUTHERN D2,87,FS87,Dandenong,nonInc,20,265,83.1,8.8,1,64,56
SOUTHERN D2,87,FS87,Dandenong,emInc,319,265,83.1,8.8,1,64,56
NORTHERN,81,FS81,South Morang,nonInc,3,29,82.9,8.4,1,65,44
NORTHERN,81,FS81,South Morang,emInc,35,29,82.9,8.4,1,65,44
WESTERN D1,45,FS45,Spotswood,nonInc,4,52,82.5,8.2,1,66,71
WESTERN D1,45,FS45,Spotswood,emInc,63,52,82.5,8.2,1,66,71
NORTHERN,80,FS80,Craigieburn,nonInc,15,134,82.2,8.6,1,67,77
NORTHERN,80,FS80,Craigieburn,emInc,163,134,82.2,8.6,1,67,77
NORTHERN,6,FS6,Pascoe Vale,nonInc,10,123,82,8.8,1,68,72
NORTHERN,6,FS6,Pascoe Vale,emInc,150,123,82,8.8,1,68,72
WESTERN D2,51,FS51,Keilor,nonInc,11,76,81.7,8.3,1,69,36
WESTERN D2,51,FS51,Keilor,emInc,93,76,81.7,8.3,1,69,36
WESTERN D1,40,FS40,Laverton,nonInc,11,125,79.1,8.9,1,70,74
WESTERN D1,40,FS40,Laverton,emInc,158,125,79.1,8.9,1,70,74
WESTERN D2,53,FS53,Sunbury,nonInc,9,71,78.9,9.7,1,71,76
WESTERN D2,53,FS53,Sunbury,emInc,90,71,78.9,9.7,1,71,76
WESTERN D2,48,FS48,Taylors Lakes,nonInc,4,52,78.8,10.6,1,72,49
WESTERN D2,48,FS48,Taylors Lakes,emInc,66,52,78.8,10.6,1,72,49
WESTERN D2,56,FS56,Melton,nonInc,10,169,78.2,9.6,1,73,78
WESTERN D2,56,FS56,Melton,emInc,216,169,78.2,9.6,1,73,78
WESTERN D1,46,FS46,Altona,nonInc,0,47,77,8.7,1,74,57
WESTERN D1,46,FS46,Altona,emInc,61,47,77,8.7,1,74,57
WESTERN D1,59,FS59,Derrimut,nonInc,4,46,76.7,8.9,1,75,85
WESTERN D1,59,FS59,Derrimut,emInc,60,46,76.7,8.9,1,75,85
WESTERN D2,52,FS52,Tullamarine,nonInc,4,85,76.6,8.7,1,76,80
WESTERN D2,52,FS52,Tullamarine,emInc,111,85,76.6,8.7,1,76,80
SOUTHERN D2,92,FS92,Cranbourne,nonInc,15,151,76.6,9,1,77,67
SOUTHERN D2,92,FS92,Cranbourne,emInc,197,151,76.6,9,1,77,67
SOUTHERN D2,90,FS90,Patterson River,nonInc,8,65,76.5,9,1,78,75
SOUTHERN D2,90,FS90,Patterson River,emInc,85,65,76.5,9,1,78,75
WESTERN D1,57,FS57,Tarneit,nonInc,21,172,71.7,10,1,80,82
WESTERN D1,57,FS57,Tarneit,emInc,240,172,71.7,10,1,80,82
SOUTHERN D2,88,FS88,Hallam,nonInc,14,131,71.6,9.9,1,81,55
SOUTHERN D2,88,FS88,Hallam,emInc,183,131,71.6,9.9,1,81,55
SOUTHERN D2,93,FS93,Pakenham,nonInc,4,88,69.8,10.2,1,82,58
SOUTHERN D2,93,FS93,Pakenham,emInc,126,88,69.8,10.2,1,82,58
WESTERN D1,58,FS58,Point Cook,nonInc,1,62,68.1,10.1,1,83,79
WESTERN D1,58,FS58,Point Cook,emInc,91,62,68.1,10.1,1,83,79
WESTERN D2,54,FS54,Greenvale,nonInc,3,33,67.3,10.2,1,84,81
WESTERN D2,54,FS54,Greenvale,emInc,49,33,67.3,10.2,1,84,81
WESTERN D2,55,FS55,Caroline Springs,nonInc,10,93,60.8,9.4,1,85,84
WESTERN D2,55,FS55,Caroline Springs,emInc,153,93,60.8,9.4,1,85,84
WESTERN D3,61,FS61,Lara,nonInc,3,31,59.6,11.1,1,86,83
WESTERN D3,61,FS61,Lara,emInc,52,31,59.6,11.1,1,86,83
CENTRAL,3,FS3,Carlton,nonInc,18,317,97.8,6.5,2,1,3
CENTRAL,3,FS3,Carlton,emInc,324,317,97.8,6.5,2,1,3
CENTRAL,1,FS1,Eastern Hill,nonInc,16,353,97,6,2,2,2
CENTRAL,1,FS1,Eastern Hill,emInc,364,353,97,6,2,2,2
WESTERN D3,66,FS66,Ocean Grove,nonInc,6,30,96.8,6.2,2,3,1
WESTERN D3,66,FS66,Ocean Grove,emInc,31,30,96.8,6.2,2,3,1
EASTERN,85,FS85,Boronia,nonInc,22,75,96.2,6.9,2,4,28
EASTERN,85,FS85,Boronia,emInc,78,75,96.2,6.9,2,4,28
SOUTHERN D1,86,FS86,Rowville,nonInc,16,51,96.2,7,2,5,21
SOUTHERN D1,86,FS86,Rowville,emInc,53,51,96.2,7,2,5,21
CENTRAL,38,FS38,South Melbourne,nonInc,24,378,95.5,6.8,2,6,14
CENTRAL,38,FS38,South Melbourne,emInc,396,378,95.5,6.8,2,6,14
EASTERN,30,FS30,Templestowe,nonInc,13,59,95.2,7.4,2,7,40
EASTERN,30,FS30,Templestowe,emInc,62,59,95.2,7.4,2,7,40
CENTRAL,2,FS2,West Melbourne,nonInc,30,284,94.7,6.6,2,8,7
CENTRAL,2,FS2,West Melbourne,emInc,300,284,94.7,6.6,2,8,7
NORTHERN,14,FS14,Bundoora,nonInc,19,144,94.7,7.4,2,9,46
NORTHERN,14,FS14,Bundoora,emInc,152,144,94.7,7.4,2,9,46
WESTERN D2,44,FS44,Sunshine,nonInc,38,126,94,7.3,2,10,24
WESTERN D2,44,FS44,Sunshine,emInc,134,126,94,7.3,2,10,24
NORTH & WEST REGIONAL,67,FS67,Ballarat City,nonInc,6,103,93.6,6.6,2,11,4
NORTH & WEST REGIONAL,67,FS67,Ballarat City,emInc,110,103,93.6,6.6,2,11,4
EASTERN,28,FS28,Vermont South,nonInc,25,114,93.4,7.3,2,12,19
EASTERN,28,FS28,Vermont South,emInc,122,114,93.4,7.3,2,12,19
SOUTH & EAST REGIONAL,74,FS74,Wangaratta,nonInc,4,52,92.9,6.6,2,13,38
SOUTH & EAST REGIONAL,74,FS74,Wangaratta,emInc,56,52,92.9,6.6,2,13,38
SOUTHERN D2,94,FS94,Mornington,nonInc,4,79,92.9,7,2,14,25
SOUTHERN D2,94,FS94,Mornington,emInc,85,79,92.9,7,2,14,25
WESTERN D3,64,FS64,Belmont,nonInc,13,96,92.3,7.5,2,15,27
WESTERN D3,64,FS64,Belmont,emInc,104,96,92.3,7.5,2,15,27
SOUTH & EAST REGIONAL,77,FS77,Traralgon,nonInc,4,60,92.3,7.7,2,16,52
SOUTH & EAST REGIONAL,77,FS77,Traralgon,emInc,65,60,92.3,7.7,2,16,52
EASTERN,22,FS22,Ringwood,nonInc,40,125,91.9,7.5,2,17,22
EASTERN,22,FS22,Ringwood,emInc,136,125,91.9,7.5,2,17,22
NORTHERN,15,FS15,Heidelberg,nonInc,28,168,91.8,7.4,2,18,42
NORTHERN,15,FS15,Heidelberg,emInc,183,168,91.8,7.4,2,18,42
SOUTHERN D2,91,FS91,Frankston,nonInc,30,179,91.8,7.6,2,19,26
SOUTHERN D2,91,FS91,Frankston,emInc,195,179,91.8,7.6,2,19,26
SOUTH & EAST REGIONAL,78,FS78,Morwell,nonInc,4,77,91.7,7.2,2,20,15
SOUTH & EAST REGIONAL,78,FS78,Morwell,emInc,84,77,91.7,7.2,2,20,15
CENTRAL,10,FS10,Richmond,nonInc,13,269,91.5,7.2,2,21,16
CENTRAL,10,FS10,Richmond,emInc,294,269,91.5,7.2,2,21,16
CENTRAL,4,FS4,Brunswick,nonInc,42,159,91.4,7.4,2,22,17
CENTRAL,4,FS4,Brunswick,emInc,174,159,91.4,7.4,2,22,17
EASTERN,27,FS27,Nunawading,nonInc,26,94,91.3,7.5,2,23,18
EASTERN,27,FS27,Nunawading,emInc,103,94,91.3,7.5,2,23,18
WESTERN D1,47,FS47,Footscray,nonInc,19,165,91.2,7.4,2,24,35
WESTERN D1,47,FS47,Footscray,emInc,181,165,91.2,7.4,2,24,35
EASTERN,20,FS20,Box Hill,nonInc,26,161,91,7.5,2,25,10
EASTERN,20,FS20,Box Hill,emInc,177,161,91,7.5,2,25,10
NORTHERN,16,FS16,Greensborough,nonInc,14,70,90.9,7.7,2,26,31
NORTHERN,16,FS16,Greensborough,emInc,77,70,90.9,7.7,2,26,31
EASTERN,26,FS26,Croydon,nonInc,34,88,90.7,7.5,2,27,11
EASTERN,26,FS26,Croydon,emInc,97,88,90.7,7.5,2,27,11
CENTRAL,39,FS39,Port Melbourne,nonInc,22,109,90.1,7.4,2,28,32
CENTRAL,39,FS39,Port Melbourne,emInc,121,109,90.1,7.4,2,28,32
SOUTHERN D1,24,FS24,Malvern,nonInc,26,152,89.9,8,2,29,30
SOUTHERN D1,24,FS24,Malvern,emInc,169,152,89.9,8,2,29,30
SOUTHERN D2,95,FS95,Rosebud,nonInc,12,53,89.8,7.7,2,30,6
SOUTHERN D2,95,FS95,Rosebud,emInc,59,53,89.8,7.7,2,30,6
CENTRAL,35,FS35,Windsor,nonInc,62,402,89.5,7.7,2,31,34
CENTRAL,35,FS35,Windsor,emInc,449,402,89.5,7.7,2,31,34
WESTERN D2,41,FS41,St Albans,nonInc,33,102,89.5,7.8,2,32,13
WESTERN D2,41,FS41,St Albans,emInc,114,102,89.5,7.8,2,32,13
NORTHERN,12,FS12,Preston,nonInc,29,127,89.4,7.6,2,33,12
NORTHERN,12,FS12,Preston,emInc,142,127,89.4,7.6,2,33,12
EASTERN,23,FS23,Burwood,nonInc,32,119,88.8,7.9,2,34,5
EASTERN,23,FS23,Burwood,emInc,134,119,88.8,7.9,2,34,5
SOUTH & EAST REGIONAL,79,FS79,Latrobe West,nonInc,4,55,88.7,7.4,2,35,53
SOUTH & EAST REGIONAL,79,FS79,Latrobe West,emInc,62,55,88.7,7.4,2,35,53
SOUTHERN D1,25,FS25,Oakleigh,nonInc,29,117,88.6,8.1,2,36,29
SOUTHERN D1,25,FS25,Oakleigh,emInc,132,117,88.6,8.1,2,36,29
CENTRAL,50,FS50,Ascot Vale,nonInc,22,139,88.5,8.1,2,37,48
CENTRAL,50,FS50,Ascot Vale,emInc,157,139,88.5,8.1,2,37,48
NORTH & WEST REGIONAL,72,FS72,Mildura,nonInc,6,85,88.5,7.9,2,38,33
NORTH & WEST REGIONAL,72,FS72,Mildura,emInc,96,85,88.5,7.9,2,38,33
SOUTHERN D1,29,FS29,Clayton,nonInc,28,91,88.3,7.9,2,39,8
SOUTHERN D1,29,FS29,Clayton,emInc,103,91,88.3,7.9,2,39,8
WESTERN D3,63,FS63,Geelong City,nonInc,24,136,88.3,7.9,2,40,9
WESTERN D3,63,FS63,Geelong City,emInc,154,136,88.3,7.9,2,40,9
WESTERN D1,40,FS40,Laverton,nonInc,28,89,88.1,8.4,2,41,74
WESTERN D1,40,FS40,Laverton,emInc,101,89,88.1,8.4,2,41,74
CENTRAL,18,FS18,Hawthorn,nonInc,32,167,87.9,8.2,2,42,47
CENTRAL,18,FS18,Hawthorn,emInc,190,167,87.9,8.2,2,42,47
EASTERN,19,FS19,North Balwyn,nonInc,23,80,87,8.1,2,43,61
EASTERN,19,FS19,North Balwyn,emInc,92,80,87,8.1,2,43,61
NORTHERN,7,FS7,Thomastown,nonInc,28,92,86.8,8.3,2,44,45
NORTHERN,7,FS7,Thomastown,emInc,106,92,86.8,8.3,2,44,45
WESTERN D3,62,FS62,Corio,nonInc,24,151,86.8,8,2,45,64
WESTERN D3,62,FS62,Corio,emInc,174,151,86.8,8,2,45,64
NORTHERN,9,FS9,Somerton,nonInc,16,65,86.7,8.3,2,46,20
NORTHERN,9,FS9,Somerton,emInc,75,65,86.7,8.3,2,46,20
WESTERN D2,43,FS43,Deer Park,nonInc,35,83,86.5,8.5,2,47,73
WESTERN D2,43,FS43,Deer Park,emInc,96,83,86.5,8.5,2,47,73
SOUTHERN D2,87,FS87,Dandenong,nonInc,36,214,86.3,8.4,2,48,56
SOUTHERN D2,87,FS87,Dandenong,emInc,248,214,86.3,8.4,2,48,56
NORTH & WEST REGIONAL,68,FS68,Lucas,nonInc,4,31,86.1,7.9,2,49,50
NORTH & WEST REGIONAL,68,FS68,Lucas,emInc,36,31,86.1,7.9,2,49,50
WESTERN D1,42,FS42,Newport,nonInc,12,74,86,8.4,2,50,43
WESTERN D1,42,FS42,Newport,emInc,86,74,86,8.4,2,50,43
CENTRAL,13,FS13,Northcote,nonInc,28,119,85.6,8.2,2,51,59
CENTRAL,13,FS13,Northcote,emInc,139,119,85.6,8.2,2,51,59
SOUTHERN D1,31,FS31,Glen Waverley,nonInc,38,179,85.2,8.4,2,52,54
SOUTHERN D1,31,FS31,Glen Waverley,emInc,210,179,85.2,8.4,2,52,54
NORTH & WEST REGIONAL,70,FS70,Warrnambool,nonInc,16,75,85.2,8.6,2,53,60
NORTH & WEST REGIONAL,70,FS70,Warrnambool,emInc,88,75,85.2,8.6,2,53,60
NORTHERN,81,FS81,South Morang,nonInc,4,23,85.2,7.9,2,54,44
NORTHERN,81,FS81,South Morang,emInc,27,23,85.2,7.9,2,54,44
SOUTHERN D1,34,FS34,Highett,nonInc,37,148,85.1,8,2,55,68
SOUTHERN D1,34,FS34,Highett,emInc,174,148,85.1,8,2,55,68
NORTHERN,5,FS5,Broadmeadows,nonInc,42,182,85,8.5,2,56,69
NORTHERN,5,FS5,Broadmeadows,emInc,214,182,85,8.5,2,56,69
SOUTHERN D2,90,FS90,Patterson River,nonInc,11,59,84.3,9.1,2,57,75
SOUTHERN D2,90,FS90,Patterson River,emInc,70,59,84.3,9.1,2,57,75
NORTH & WEST REGIONAL,71,FS71,Portland,nonInc,1,26,83.9,8.3,2,58,51
NORTH & WEST REGIONAL,71,FS71,Portland,emInc,31,26,83.9,8.3,2,58,51
SOUTHERN D1,32,FS32,Ormond,nonInc,49,181,83.8,8.5,2,59,62
SOUTHERN D1,32,FS32,Ormond,emInc,216,181,83.8,8.5,2,59,62
SOUTHERN D1,89,FS89,Springvale,nonInc,28,107,83.6,8.2,2,60,63
SOUTHERN D1,89,FS89,Springvale,emInc,128,107,83.6,8.2,2,60,63
NORTHERN,11,FS11,Epping,nonInc,13,91,83.5,8.5,2,61,23
NORTHERN,11,FS11,Epping,emInc,109,91,83.5,8.5,2,61,23
NORTH & WEST REGIONAL,73,FS73,Bendigo,nonInc,8,138,83.1,8.6,2,62,65
NORTH & WEST REGIONAL,73,FS73,Bendigo,emInc,166,138,83.1,8.6,2,62,65
WESTERN D1,46,FS46,Altona,nonInc,9,34,82.9,8.3,2,63,57
WESTERN D1,46,FS46,Altona,emInc,41,34,82.9,8.3,2,63,57
WESTERN D2,48,FS48,Taylors Lakes,nonInc,13,38,82.6,8.5,2,64,49
WESTERN D2,48,FS48,Taylors Lakes,emInc,46,38,82.6,8.5,2,64,49
SOUTHERN D1,33,FS33,Mentone,nonInc,25,97,82.2,8.2,2,65,37
SOUTHERN D1,33,FS33,Mentone,emInc,118,97,82.2,8.2,2,65,37
WESTERN D1,45,FS45,Spotswood,nonInc,9,45,81.8,8.5,2,66,71
WESTERN D1,45,FS45,Spotswood,emInc,55,45,81.8,8.5,2,66,71
EASTERN,82,FS82,Eltham City,nonInc,11,43,81.1,7.9,2,67,39
EASTERN,82,FS82,Eltham City,emInc,53,43,81.1,7.9,2,67,39
NORTHERN,6,FS6,Pascoe Vale,nonInc,37,113,80.7,9,2,68,72
NORTHERN,6,FS6,Pascoe Vale,emInc,140,113,80.7,9,2,68,72
EASTERN,84,FS84,South Warrandyte,nonInc,6,16,80,8.7,2,69,70
EASTERN,84,FS84,South Warrandyte,emInc,20,16,80,8.7,2,69,70
WESTERN D2,51,FS51,Keilor,nonInc,24,70,79.5,8.6,2,70,36
WESTERN D2,51,FS51,Keilor,emInc,88,70,79.5,8.6,2,70,36
SOUTH & EAST REGIONAL,75,FS75,Shepparton,nonInc,5,124,79.5,10,2,71,41
SOUTH & EAST REGIONAL,75,FS75,Shepparton,emInc,156,124,79.5,10,2,71,41
SOUTHERN D2,92,FS92,Cranbourne,nonInc,39,89,79.5,9.8,2,72,67
SOUTHERN D2,92,FS92,Cranbourne,emInc,112,89,79.5,9.8,2,72,67
SOUTH & EAST REGIONAL,76,FS76,Wodonga,nonInc,4,83,79,8.8,2,73,66
SOUTH & EAST REGIONAL,76,FS76,Wodonga,emInc,105,83,79,8.8,2,73,66
NORTHERN,80,FS80,Craigieburn,nonInc,23,91,77.8,9.5,2,74,77
NORTHERN,80,FS80,Craigieburn,emInc,117,91,77.8,9.5,2,74,77
SOUTHERN D2,88,FS88,Hallam,nonInc,53,115,77.7,9.3,2,75,55
SOUTHERN D2,88,FS88,Hallam,emInc,148,115,77.7,9.3,2,75,55
SOUTHERN D2,93,FS93,Pakenham,nonInc,12,82,77.4,8.6,2,76,58
SOUTHERN D2,93,FS93,Pakenham,emInc,106,82,77.4,8.6,2,76,58
WESTERN D1,58,FS58,Point Cook,nonInc,5,58,76.3,9.6,2,77,79
WESTERN D1,58,FS58,Point Cook,emInc,76,58,76.3,9.6,2,77,79
WESTERN D2,53,FS53,Sunbury,nonInc,8,60,75.9,9.9,2,78,76
WESTERN D2,53,FS53,Sunbury,emInc,79,60,75.9,9.9,2,78,76
WESTERN D2,52,FS52,Tullamarine,nonInc,23,74,74.7,9.3,2,79,80
WESTERN D2,52,FS52,Tullamarine,emInc,99,74,74.7,9.3,2,79,80
WESTERN D2,56,FS56,Melton,nonInc,30,142,74.7,10,2,80,78
WESTERN D2,56,FS56,Melton,emInc,190,142,74.7,10,2,80,78
WESTERN D1,59,FS59,Derrimut,nonInc,9,41,74.5,8.6,2,81,85
WESTERN D1,59,FS59,Derrimut,emInc,55,41,74.5,8.6,2,81,85
WESTERN D2,54,FS54,Greenvale,nonInc,12,23,65.7,9.3,2,83,81
WESTERN D2,54,FS54,Greenvale,emInc,35,23,65.7,9.3,2,83,81
WESTERN D1,57,FS57,Tarneit,nonInc,45,127,63.8,10.5,2,84,82
WESTERN D1,57,FS57,Tarneit,emInc,199,127,63.8,10.5,2,84,82
WESTERN D2,55,FS55,Caroline Springs,nonInc,17,94,58,9.6,2,85,84
WESTERN D2,55,FS55,Caroline Springs,emInc,162,94,58,9.6,2,85,84
WESTERN D3,61,FS61,Lara,nonInc,7,25,49,11.3,2,86,83
WESTERN D3,61,FS61,Lara,emInc,51,25,49,11.3,2,86,83
WESTERN D3,66,FS66,Ocean Grove,nonInc,1,23,100,5.87,3,1,1
WESTERN D3,66,FS66,Ocean Grove,emInc,23,23,100,5.87,3,1,1
NORTH & WEST REGIONAL,67,FS67,Ballarat City,nonInc,8,74,100,5.48,3,2,4
NORTH & WEST REGIONAL,67,FS67,Ballarat City,emInc,74,74,100,5.48,3,2,4
NORTH & WEST REGIONAL,68,FS68,Lucas,nonInc,4,44,100,6.83,3,3,50
NORTH & WEST REGIONAL,68,FS68,Lucas,emInc,44,44,100,6.83,3,3,50
CENTRAL,1,FS1,Eastern Hill,nonInc,15,350,97.5,5.5,3,4,2
CENTRAL,1,FS1,Eastern Hill,emInc,359,350,97.5,5.5,3,4,2
CENTRAL,3,FS3,Carlton,nonInc,19,319,96.7,6.27,3,5,3
CENTRAL,3,FS3,Carlton,emInc,330,319,96.7,6.27,3,5,3
WESTERN D3,64,FS64,Belmont,nonInc,24,87,96.7,7.05,3,6,27
WESTERN D3,64,FS64,Belmont,emInc,90,87,96.7,7.05,3,6,27
CENTRAL,38,FS38,South Melbourne,nonInc,17,337,96.6,6.48,3,7,14
CENTRAL,38,FS38,South Melbourne,emInc,349,337,96.6,6.48,3,7,14
CENTRAL,10,FS10,Richmond,nonInc,14,238,95.6,6.7,3,8,16
CENTRAL,10,FS10,Richmond,emInc,249,238,95.6,6.7,3,8,16
NORTHERN,16,FS16,Greensborough,nonInc,15,65,95.6,7.55,3,9,31
NORTHERN,16,FS16,Greensborough,emInc,68,65,95.6,7.55,3,9,31
SOUTH & EAST REGIONAL,77,FS77,Traralgon,nonInc,5,63,95.5,7.28,3,10,52
SOUTH & EAST REGIONAL,77,FS77,Traralgon,emInc,66,63,95.5,7.28,3,10,52
NORTH & WEST REGIONAL,71,FS71,Portland,nonInc,4,20,95.2,7.05,3,11,51
NORTH & WEST REGIONAL,71,FS71,Portland,emInc,21,20,95.2,7.05,3,11,51
WESTERN D1,47,FS47,Footscray,nonInc,30,172,95,7,3,12,35
WESTERN D1,47,FS47,Footscray,emInc,181,172,95,7,3,12,35
SOUTHERN D1,86,FS86,Rowville,nonInc,14,37,94.9,6.7,3,13,21
SOUTHERN D1,86,FS86,Rowville,emInc,39,37,94.9,6.7,3,13,21
EASTERN,28,FS28,Vermont South,nonInc,20,72,94.7,7.05,3,14,19
EASTERN,28,FS28,Vermont South,emInc,76,72,94.7,7.05,3,14,19
CENTRAL,39,FS39,Port Melbourne,nonInc,9,107,94.7,7.13,3,15,32
CENTRAL,39,FS39,Port Melbourne,emInc,113,107,94.7,7.13,3,15,32
EASTERN,23,FS23,Burwood,nonInc,20,113,94.2,7.08,3,16,5
EASTERN,23,FS23,Burwood,emInc,120,113,94.2,7.08,3,16,5
NORTHERN,81,FS81,South Morang,nonInc,6,48,94.1,7.67,3,17,44
NORTHERN,81,FS81,South Morang,emInc,51,48,94.1,7.67,3,17,44
WESTERN D2,44,FS44,Sunshine,nonInc,35,168,93.9,7.5,3,18,24
WESTERN D2,44,FS44,Sunshine,emInc,179,168,93.9,7.5,3,18,24
CENTRAL,2,FS2,West Melbourne,nonInc,29,262,93.6,6.57,3,19,7
CENTRAL,2,FS2,West Melbourne,emInc,280,262,93.6,6.57,3,19,7
NORTHERN,12,FS12,Preston,nonInc,19,130,93.5,7.23,3,20,12
NORTHERN,12,FS12,Preston,emInc,139,130,93.5,7.23,3,20,12
SOUTH & EAST REGIONAL,78,FS78,Morwell,nonInc,9,70,93.3,6.77,3,21,15
SOUTH & EAST REGIONAL,78,FS78,Morwell,emInc,75,70,93.3,6.77,3,21,15
CENTRAL,4,FS4,Brunswick,nonInc,27,164,93.2,7.32,3,22,17
CENTRAL,4,FS4,Brunswick,emInc,176,164,93.2,7.32,3,22,17
EASTERN,26,FS26,Croydon,nonInc,24,106,93,7.13,3,23,11
EASTERN,26,FS26,Croydon,emInc,114,106,93,7.13,3,23,11
SOUTH & EAST REGIONAL,74,FS74,Wangaratta,nonInc,9,64,92.8,7.52,3,24,38
SOUTH & EAST REGIONAL,74,FS74,Wangaratta,emInc,69,64,92.8,7.52,3,24,38
CENTRAL,35,FS35,Windsor,nonInc,52,375,92.1,7.23,3,25,34
CENTRAL,35,FS35,Windsor,emInc,407,375,92.1,7.23,3,25,34
WESTERN D3,63,FS63,Geelong City,nonInc,18,135,91.8,7.6,3,26,9
WESTERN D3,63,FS63,Geelong City,emInc,147,135,91.8,7.6,3,26,9
SOUTHERN D1,31,FS31,Glen Waverley,nonInc,21,187,91.7,7.67,3,27,54
SOUTHERN D1,31,FS31,Glen Waverley,emInc,204,187,91.7,7.67,3,27,54
NORTH & WEST REGIONAL,73,FS73,Bendigo,nonInc,6,133,91.7,7.7,3,28,65
NORTH & WEST REGIONAL,73,FS73,Bendigo,emInc,145,133,91.7,7.7,3,28,65
EASTERN,27,FS27,Nunawading,nonInc,15,96,91.4,7.55,3,29,18
EASTERN,27,FS27,Nunawading,emInc,105,96,91.4,7.55,3,29,18
EASTERN,20,FS20,Box Hill,nonInc,21,126,91.3,7.63,3,30,10
EASTERN,20,FS20,Box Hill,emInc,138,126,91.3,7.63,3,30,10
NORTHERN,14,FS14,Bundoora,nonInc,20,100,90.9,7.8,3,31,46
NORTHERN,14,FS14,Bundoora,emInc,110,100,90.9,7.8,3,31,46
EASTERN,22,FS22,Ringwood,nonInc,11,97,90.7,7.97,3,32,22
EASTERN,22,FS22,Ringwood,emInc,107,97,90.7,7.97,3,32,22
SOUTHERN D1,25,FS25,Oakleigh,nonInc,21,115,90.6,7.62,3,33,29
SOUTHERN D1,25,FS25,Oakleigh,emInc,127,115,90.6,7.62,3,33,29
SOUTHERN D1,33,FS33,Mentone,nonInc,30,87,90.6,8.08,3,34,37
SOUTHERN D1,33,FS33,Mentone,emInc,96,87,90.6,8.08,3,34,37
NORTHERN,6,FS6,Pascoe Vale,nonInc,27,90,90,8.4,3,35,72
NORTHERN,6,FS6,Pascoe Vale,emInc,100,90,90,8.4,3,35,72
SOUTHERN D2,94,FS94,Mornington,nonInc,11,62,89.9,7.95,3,36,25
SOUTHERN D2,94,FS94,Mornington,emInc,69,62,89.9,7.95,3,36,25
SOUTHERN D2,95,FS95,Rosebud,nonInc,10,44,89.8,7.68,3,37,6
SOUTHERN D2,95,FS95,Rosebud,emInc,49,44,89.8,7.68,3,37,6
SOUTHERN D1,29,FS29,Clayton,nonInc,20,104,89.7,7.88,3,38,8
SOUTHERN D1,29,FS29,Clayton,emInc,116,104,89.7,7.88,3,38,8
WESTERN D1,42,FS42,Newport,nonInc,4,68,89.5,7.72,3,39,43
WESTERN D1,42,FS42,Newport,emInc,76,68,89.5,7.72,3,39,43
NORTHERN,15,FS15,Heidelberg,nonInc,25,155,89.1,7.98,3,40,42
NORTHERN,15,FS15,Heidelberg,emInc,174,155,89.1,7.98,3,40,42
WESTERN D2,53,FS53,Sunbury,nonInc,12,56,88.9,8.15,3,41,76
WESTERN D2,53,FS53,Sunbury,emInc,63,56,88.9,8.15,3,41,76
WESTERN D2,43,FS43,Deer Park,nonInc,18,85,88.5,8.03,3,42,73
WESTERN D2,43,FS43,Deer Park,emInc,96,85,88.5,8.03,3,42,73
CENTRAL,50,FS50,Ascot Vale,nonInc,25,145,88.4,7.88,3,43,48
CENTRAL,50,FS50,Ascot Vale,emInc,164,145,88.4,7.88,3,43,48
SOUTHERN D1,32,FS32,Ormond,nonInc,35,148,88.1,7.83,3,44,62
SOUTHERN D1,32,FS32,Ormond,emInc,168,148,88.1,7.83,3,44,62
WESTERN D2,48,FS48,Taylors Lakes,nonInc,8,37,88.1,7.43,3,45,49
WESTERN D2,48,FS48,Taylors Lakes,emInc,42,37,88.1,7.43,3,45,49
EASTERN,85,FS85,Boronia,nonInc,16,52,88.1,7.92,3,46,28
EASTERN,85,FS85,Boronia,emInc,59,52,88.1,7.92,3,46,28
SOUTHERN D2,91,FS91,Frankston,nonInc,26,162,88,8.18,3,47,26
SOUTHERN D2,91,FS91,Frankston,emInc,184,162,88,8.18,3,47,26
CENTRAL,18,FS18,Hawthorn,nonInc,24,148,87.6,7.87,3,48,47
CENTRAL,18,FS18,Hawthorn,emInc,169,148,87.6,7.87,3,48,47
EASTERN,19,FS19,North Balwyn,nonInc,20,90,87.4,8.28,3,49,61
EASTERN,19,FS19,North Balwyn,emInc,103,90,87.4,8.28,3,49,61
WESTERN D2,41,FS41,St Albans,nonInc,27,90,87.4,8.22,3,50,13
WESTERN D2,41,FS41,St Albans,emInc,103,90,87.4,8.22,3,50,13
NORTH & WEST REGIONAL,72,FS72,Mildura,nonInc,10,82,87.2,8.57,3,51,33
NORTH & WEST REGIONAL,72,FS72,Mildura,emInc,94,82,87.2,8.57,3,51,33
NORTHERN,9,FS9,Somerton,nonInc,12,40,87,7.95,3,52,20
NORTHERN,9,FS9,Somerton,emInc,46,40,87,7.95,3,52,20
CENTRAL,13,FS13,Northcote,nonInc,29,103,86.6,7.95,3,53,59
CENTRAL,13,FS13,Northcote,emInc,119,103,86.6,7.95,3,53,59
NORTHERN,7,FS7,Thomastown,nonInc,18,90,86.5,8.02,3,54,45
NORTHERN,7,FS7,Thomastown,emInc,104,90,86.5,8.02,3,54,45
SOUTHERN D2,87,FS87,Dandenong,nonInc,50,182,86.3,8.48,3,55,56
SOUTHERN D2,87,FS87,Dandenong,emInc,211,182,86.3,8.48,3,55,56
NORTHERN,80,FS80,Craigieburn,nonInc,37,80,86,8.32,3,56,77
NORTHERN,80,FS80,Craigieburn,emInc,93,80,86,8.32,3,56,77
NORTHERN,5,FS5,Broadmeadows,nonInc,42,171,85.9,8.68,3,57,69
NORTHERN,5,FS5,Broadmeadows,emInc,199,171,85.9,8.68,3,57,69
NORTH & WEST REGIONAL,70,FS70,Warrnambool,nonInc,10,76,85.4,8.17,3,58,60
NORTH & WEST REGIONAL,70,FS70,Warrnambool,emInc,89,76,85.4,8.17,3,58,60
WESTERN D1,46,FS46,Altona,nonInc,6,28,84.8,7.85,3,59,57
WESTERN D1,46,FS46,Altona,emInc,33,28,84.8,7.85,3,59,57
NORTHERN,11,FS11,Epping,nonInc,10,71,84.5,8.08,3,60,23
NORTHERN,11,FS11,Epping,emInc,84,71,84.5,8.08,3,60,23
SOUTH & EAST REGIONAL,79,FS79,Latrobe West,nonInc,2,38,84.4,8.1,3,61,53
SOUTH & EAST REGIONAL,79,FS79,Latrobe West,emInc,45,38,84.4,8.1,3,61,53
SOUTHERN D2,92,FS92,Cranbourne,nonInc,46,107,84.3,8.48,3,62,67
SOUTHERN D2,92,FS92,Cranbourne,emInc,127,107,84.3,8.48,3,62,67
SOUTHERN D2,90,FS90,Patterson River,nonInc,14,58,84.1,8.32,3,63,75
SOUTHERN D2,90,FS90,Patterson River,emInc,69,58,84.1,8.32,3,63,75
WESTERN D3,62,FS62,Corio,nonInc,33,118,83.7,8.32,3,64,64
WESTERN D3,62,FS62,Corio,emInc,141,118,83.7,8.32,3,64,64
SOUTHERN D1,24,FS24,Malvern,nonInc,30,121,83.4,8.92,3,65,30
SOUTHERN D1,24,FS24,Malvern,emInc,145,121,83.4,8.92,3,65,30
SOUTHERN D1,34,FS34,Highett,nonInc,30,130,83.3,8.57,3,66,68
SOUTHERN D1,34,FS34,Highett,emInc,156,130,83.3,8.57,3,66,68
SOUTH & EAST REGIONAL,75,FS75,Shepparton,nonInc,10,109,83.2,8.47,3,67,41
SOUTH & EAST REGIONAL,75,FS75,Shepparton,emInc,131,109,83.2,8.47,3,67,41
SOUTHERN D2,93,FS93,Pakenham,nonInc,22,64,83.1,8.65,3,68,58
SOUTHERN D2,93,FS93,Pakenham,emInc,77,64,83.1,8.65,3,68,58
WESTERN D1,40,FS40,Laverton,nonInc,10,53,82.8,8.98,3,69,74
WESTERN D1,40,FS40,Laverton,emInc,64,53,82.8,8.98,3,69,74
SOUTHERN D2,88,FS88,Hallam,nonInc,35,95,82.6,8.5,3,70,55
SOUTHERN D2,88,FS88,Hallam,emInc,115,95,82.6,8.5,3,70,55
EASTERN,30,FS30,Templestowe,nonInc,9,56,82.4,9.12,3,71,40
EASTERN,30,FS30,Templestowe,emInc,68,56,82.4,9.12,3,71,40
SOUTH & EAST REGIONAL,76,FS76,Wodonga,nonInc,10,55,82.1,8.47,3,72,66
SOUTH & EAST REGIONAL,76,FS76,Wodonga,emInc,67,55,82.1,8.47,3,72,66
EASTERN,82,FS82,Eltham City,nonInc,10,49,81.7,8.83,3,73,39
EASTERN,82,FS82,Eltham City,emInc,60,49,81.7,8.83,3,73,39
WESTERN D2,52,FS52,Tullamarine,nonInc,18,69,81.2,8.48,3,74,80
WESTERN D2,52,FS52,Tullamarine,emInc,85,69,81.2,8.48,3,74,80
WESTERN D2,51,FS51,Keilor,nonInc,25,63,80.8,8.6,3,75,36
WESTERN D2,51,FS51,Keilor,emInc,78,63,80.8,8.6,3,75,36
SOUTHERN D1,89,FS89,Springvale,nonInc,27,77,80.2,8.4,3,76,63
SOUTHERN D1,89,FS89,Springvale,emInc,96,77,80.2,8.4,3,76,63
WESTERN D1,58,FS58,Point Cook,nonInc,20,76,79.2,9.37,3,77,79
WESTERN D1,58,FS58,Point Cook,emInc,96,76,79.2,9.37,3,77,79
WESTERN D1,57,FS57,Tarneit,nonInc,42,120,77.9,9.05,3,78,82
WESTERN D1,57,FS57,Tarneit,emInc,154,120,77.9,9.05,3,78,82
WESTERN D1,45,FS45,Spotswood,nonInc,27,74,76.3,8.9,3,79,71
WESTERN D1,45,FS45,Spotswood,emInc,97,74,76.3,8.9,3,79,71
WESTERN D1,59,FS59,Derrimut,nonInc,10,56,75.7,8.73,3,80,85
WESTERN D1,59,FS59,Derrimut,emInc,74,56,75.7,8.73,3,80,85
WESTERN D2,56,FS56,Melton,nonInc,32,117,71.3,10.13,3,81,78
WESTERN D2,56,FS56,Melton,emInc,164,117,71.3,10.13,3,81,78
WESTERN D2,55,FS55,Caroline Springs,nonInc,21,99,67.8,9.57,3,82,84
WESTERN D2,55,FS55,Caroline Springs,emInc,146,99,67.8,9.57,3,82,84
EASTERN,84,FS84,South Warrandyte,nonInc,1,12,60,9.57,3,83,70
EASTERN,84,FS84,South Warrandyte,emInc,20,12,60,9.57,3,83,70
WESTERN D2,54,FS54,Greenvale,nonInc,9,23,59,12.83,3,84,81
WESTERN D2,54,FS54,Greenvale,emInc,39,23,59,12.83,3,84,81
WESTERN D3,61,FS61,Lara,nonInc,0,18,39.1,10.73,3,85,83
WESTERN D3,61,FS61,Lara,emInc,46,18,39.1,10.73,3,85,83
WESTERN D3,66,FS66,Ocean Grove,nonInc,6,26,100,5.85,4,1,1
WESTERN D3,66,FS66,Ocean Grove,emInc,26,26,100,5.85,4,1,1
CENTRAL,1,FS1,Eastern Hill,nonInc,24,356,97.5,5.62,4,2,2
CENTRAL,1,FS1,Eastern Hill,emInc,365,356,97.5,5.62,4,2,2
CENTRAL,3,FS3,Carlton,nonInc,28,338,97.1,6.52,4,3,3
CENTRAL,3,FS3,Carlton,emInc,348,338,97.1,6.52,4,3,3
NORTH & WEST REGIONAL,67,FS67,Ballarat City,nonInc,12,85,96.6,6.52,4,4,4
NORTH & WEST REGIONAL,67,FS67,Ballarat City,emInc,88,85,96.6,6.52,4,4,4
EASTERN,23,FS23,Burwood,nonInc,39,121,95.3,7.3,4,5,5
EASTERN,23,FS23,Burwood,emInc,127,121,95.3,7.3,4,5,5
SOUTHERN D2,95,FS95,Rosebud,nonInc,13,59,95.2,7.08,4,6,6
SOUTHERN D2,95,FS95,Rosebud,emInc,62,59,95.2,7.08,4,6,6
CENTRAL,2,FS2,West Melbourne,nonInc,30,310,95.1,6.65,4,7,7
CENTRAL,2,FS2,West Melbourne,emInc,326,310,95.1,6.65,4,7,7
SOUTHERN D1,29,FS29,Clayton,nonInc,25,102,94.4,7.43,4,8,8
SOUTHERN D1,29,FS29,Clayton,emInc,108,102,94.4,7.43,4,8,8
WESTERN D3,63,FS63,Geelong City,nonInc,29,148,93.7,7.15,4,9,9
WESTERN D3,63,FS63,Geelong City,emInc,158,148,93.7,7.15,4,9,9
EASTERN,20,FS20,Box Hill,nonInc,32,134,93.1,7.43,4,10,10
EASTERN,20,FS20,Box Hill,emInc,144,134,93.1,7.43,4,10,10
EASTERN,26,FS26,Croydon,nonInc,32,95,93.1,6.9,4,11,11
EASTERN,26,FS26,Croydon,emInc,102,95,93.1,6.9,4,11,11
NORTHERN,12,FS12,Preston,nonInc,38,170,92.9,7.67,4,12,12
NORTHERN,12,FS12,Preston,emInc,183,170,92.9,7.67,4,12,12
WESTERN D2,41,FS41,St Albans,nonInc,42,105,92.9,7.85,4,13,13
WESTERN D2,41,FS41,St Albans,emInc,113,105,92.9,7.85,4,13,13
CENTRAL,38,FS38,South Melbourne,nonInc,35,363,92.8,6.87,4,14,14
CENTRAL,38,FS38,South Melbourne,emInc,391,363,92.8,6.87,4,14,14
SOUTH & EAST REGIONAL,78,FS78,Morwell,nonInc,5,59,92.2,7.32,4,15,15
SOUTH & EAST REGIONAL,78,FS78,Morwell,emInc,64,59,92.2,7.32,4,15,15
CENTRAL,10,FS10,Richmond,nonInc,31,258,92.1,7.27,4,16,16
CENTRAL,10,FS10,Richmond,emInc,280,258,92.1,7.27,4,16,16
CENTRAL,4,FS4,Brunswick,nonInc,26,213,91.8,7.57,4,17,17
CENTRAL,4,FS4,Brunswick,emInc,232,213,91.8,7.57,4,17,17
EASTERN,27,FS27,Nunawading,nonInc,36,110,91.7,7.3,4,18,18
EASTERN,27,FS27,Nunawading,emInc,120,110,91.7,7.3,4,18,18
EASTERN,28,FS28,Vermont South,nonInc,43,133,91.7,7.5,4,19,19
EASTERN,28,FS28,Vermont South,emInc,145,133,91.7,7.5,4,19,19
NORTHERN,9,FS9,Somerton,nonInc,14,65,91.5,7.65,4,20,20
NORTHERN,9,FS9,Somerton,emInc,71,65,91.5,7.65,4,20,20
SOUTHERN D1,86,FS86,Rowville,nonInc,15,53,91.4,7.02,4,21,21
SOUTHERN D1,86,FS86,Rowville,emInc,58,53,91.4,7.02,4,21,21
EASTERN,22,FS22,Ringwood,nonInc,48,124,91.2,7.57,4,22,22
EASTERN,22,FS22,Ringwood,emInc,136,124,91.2,7.57,4,22,22
NORTHERN,11,FS11,Epping,nonInc,23,101,91,8,4,23,23
NORTHERN,11,FS11,Epping,emInc,111,101,91,8,4,23,23
WESTERN D2,44,FS44,Sunshine,nonInc,40,153,90.5,7.75,4,24,24
WESTERN D2,44,FS44,Sunshine,emInc,169,153,90.5,7.75,4,24,24
SOUTHERN D2,94,FS94,Mornington,nonInc,16,67,90.5,7.53,4,25,25
SOUTHERN D2,94,FS94,Mornington,emInc,74,67,90.5,7.53,4,25,25
SOUTHERN D2,91,FS91,Frankston,nonInc,45,217,90.4,8.22,4,26,26
SOUTHERN D2,91,FS91,Frankston,emInc,240,217,90.4,8.22,4,26,26
WESTERN D3,64,FS64,Belmont,nonInc,21,84,90.3,7.6,4,27,27
WESTERN D3,64,FS64,Belmont,emInc,93,84,90.3,7.6,4,27,27
EASTERN,85,FS85,Boronia,nonInc,15,74,90.2,7.18,4,28,28
EASTERN,85,FS85,Boronia,emInc,82,74,90.2,7.18,4,28,28
SOUTHERN D1,25,FS25,Oakleigh,nonInc,32,145,90.1,7.75,4,29,29
SOUTHERN D1,25,FS25,Oakleigh,emInc,161,145,90.1,7.75,4,29,29
SOUTHERN D1,24,FS24,Malvern,nonInc,31,141,89.2,8.13,4,30,30
SOUTHERN D1,24,FS24,Malvern,emInc,158,141,89.2,8.13,4,30,30
NORTHERN,16,FS16,Greensborough,nonInc,29,73,89,7.62,4,31,31
NORTHERN,16,FS16,Greensborough,emInc,82,73,89,7.62,4,31,31
CENTRAL,39,FS39,Port Melbourne,nonInc,18,125,88.7,7.78,4,32,32
CENTRAL,39,FS39,Port Melbourne,emInc,141,125,88.7,7.78,4,32,32
NORTH & WEST REGIONAL,72,FS72,Mildura,nonInc,20,94,88.7,7.9,4,33,33
NORTH & WEST REGIONAL,72,FS72,Mildura,emInc,106,94,88.7,7.9,4,33,33
CENTRAL,35,FS35,Windsor,nonInc,54,417,88.3,7.95,4,34,34
CENTRAL,35,FS35,Windsor,emInc,472,417,88.3,7.95,4,34,34
WESTERN D1,47,FS47,Footscray,nonInc,38,196,88.3,8.2,4,35,35
WESTERN D1,47,FS47,Footscray,emInc,222,196,88.3,8.2,4,35,35
WESTERN D2,51,FS51,Keilor,nonInc,40,90,88.2,7.95,4,36,36
WESTERN D2,51,FS51,Keilor,emInc,102,90,88.2,7.95,4,36,36
SOUTHERN D1,33,FS33,Mentone,nonInc,40,111,88.1,7.9,4,37,37
SOUTHERN D1,33,FS33,Mentone,emInc,126,111,88.1,7.9,4,37,37
SOUTH & EAST REGIONAL,74,FS74,Wangaratta,nonInc,6,52,88.1,7.97,4,38,38
SOUTH & EAST REGIONAL,74,FS74,Wangaratta,emInc,59,52,88.1,7.97,4,38,38
EASTERN,82,FS82,Eltham City,nonInc,28,59,88.1,8.2,4,39,39
EASTERN,82,FS82,Eltham City,emInc,67,59,88.1,8.2,4,39,39
EASTERN,30,FS30,Templestowe,nonInc,19,64,87.7,7.73,4,40,40
EASTERN,30,FS30,Templestowe,emInc,73,64,87.7,7.73,4,40,40
SOUTH & EAST REGIONAL,75,FS75,Shepparton,nonInc,8,135,87.7,8.22,4,41,41
SOUTH & EAST REGIONAL,75,FS75,Shepparton,emInc,154,135,87.7,8.22,4,41,41
NORTHERN,15,FS15,Heidelberg,nonInc,46,196,87.5,8.25,4,42,42
NORTHERN,15,FS15,Heidelberg,emInc,224,196,87.5,8.25,4,42,42
WESTERN D1,42,FS42,Newport,nonInc,16,97,87.4,7.97,4,43,43
WESTERN D1,42,FS42,Newport,emInc,111,97,87.4,7.97,4,43,43
NORTHERN,81,FS81,South Morang,nonInc,5,55,87.3,7.82,4,44,44
NORTHERN,81,FS81,South Morang,emInc,63,55,87.3,7.82,4,44,44
NORTHERN,7,FS7,Thomastown,nonInc,45,100,87,8.07,4,45,45
NORTHERN,7,FS7,Thomastown,emInc,115,100,87,8.07,4,45,45
NORTHERN,14,FS14,Bundoora,nonInc,30,125,86.8,7.82,4,46,46
NORTHERN,14,FS14,Bundoora,emInc,144,125,86.8,7.82,4,46,46
CENTRAL,18,FS18,Hawthorn,nonInc,45,165,86.4,8.13,4,47,47
CENTRAL,18,FS18,Hawthorn,emInc,191,165,86.4,8.13,4,47,47
CENTRAL,50,FS50,Ascot Vale,nonInc,26,196,85.6,8.4,4,48,48
CENTRAL,50,FS50,Ascot Vale,emInc,229,196,85.6,8.4,4,48,48
WESTERN D2,48,FS48,Taylors Lakes,nonInc,13,52,85.2,8.47,4,49,49
WESTERN D2,48,FS48,Taylors Lakes,emInc,61,52,85.2,8.47,4,49,49
NORTH & WEST REGIONAL,68,FS68,Lucas,nonInc,7,46,85.2,8.15,4,50,50
NORTH & WEST REGIONAL,68,FS68,Lucas,emInc,54,46,85.2,8.15,4,50,50
NORTH & WEST REGIONAL,71,FS71,Portland,nonInc,4,23,85.2,8.05,4,51,51
NORTH & WEST REGIONAL,71,FS71,Portland,emInc,27,23,85.2,8.05,4,51,51
SOUTH & EAST REGIONAL,77,FS77,Traralgon,nonInc,11,62,84.9,8.4,4,52,52
SOUTH & EAST REGIONAL,77,FS77,Traralgon,emInc,73,62,84.9,8.4,4,52,52
SOUTH & EAST REGIONAL,79,FS79,Latrobe West,nonInc,9,45,84.9,8.17,4,53,53
SOUTH & EAST REGIONAL,79,FS79,Latrobe West,emInc,53,45,84.9,8.17,4,53,53
SOUTHERN D1,31,FS31,Glen Waverley,nonInc,37,207,84.8,8.38,4,54,54
SOUTHERN D1,31,FS31,Glen Waverley,emInc,244,207,84.8,8.38,4,54,54
SOUTHERN D2,88,FS88,Hallam,nonInc,45,120,82.8,8.87,4,55,55
SOUTHERN D2,88,FS88,Hallam,emInc,145,120,82.8,8.87,4,55,55
SOUTHERN D2,87,FS87,Dandenong,nonInc,55,200,82.6,8.83,4,56,56
SOUTHERN D2,87,FS87,Dandenong,emInc,242,200,82.6,8.83,4,56,56
WESTERN D1,46,FS46,Altona,nonInc,12,28,82.4,7.83,4,57,57
WESTERN D1,46,FS46,Altona,emInc,34,28,82.4,7.83,4,57,57
SOUTHERN D2,93,FS93,Pakenham,nonInc,17,70,82.4,9.75,4,58,58
SOUTHERN D2,93,FS93,Pakenham,emInc,85,70,82.4,9.75,4,58,58
CENTRAL,13,FS13,Northcote,nonInc,41,116,82.3,8.58,4,59,59
CENTRAL,13,FS13,Northcote,emInc,141,116,82.3,8.58,4,59,59
NORTH & WEST REGIONAL,70,FS70,Warrnambool,nonInc,14,74,82.2,8.7,4,60,60
NORTH & WEST REGIONAL,70,FS70,Warrnambool,emInc,90,74,82.2,8.7,4,60,60
EASTERN,19,FS19,North Balwyn,nonInc,25,100,82,9.2,4,61,61
EASTERN,19,FS19,North Balwyn,emInc,122,100,82,9.2,4,61,61
SOUTHERN D1,32,FS32,Ormond,nonInc,44,169,82,8.6,4,62,62
SOUTHERN D1,32,FS32,Ormond,emInc,206,169,82,8.6,4,62,62
SOUTHERN D1,89,FS89,Springvale,nonInc,45,128,81.5,8.62,4,63,63
SOUTHERN D1,89,FS89,Springvale,emInc,157,128,81.5,8.62,4,63,63
WESTERN D3,62,FS62,Corio,nonInc,42,134,81.2,8.13,4,64,64
WESTERN D3,62,FS62,Corio,emInc,165,134,81.2,8.13,4,64,64
NORTH & WEST REGIONAL,73,FS73,Bendigo,nonInc,26,152,80.9,8.57,4,65,65
NORTH & WEST REGIONAL,73,FS73,Bendigo,emInc,188,152,80.9,8.57,4,65,65
SOUTH & EAST REGIONAL,76,FS76,Wodonga,nonInc,16,80,80.8,8.45,4,66,66
SOUTH & EAST REGIONAL,76,FS76,Wodonga,emInc,99,80,80.8,8.45,4,66,66
SOUTHERN D2,92,FS92,Cranbourne,nonInc,53,143,80.8,9.08,4,67,67
SOUTHERN D2,92,FS92,Cranbourne,emInc,177,143,80.8,9.08,4,67,67
SOUTHERN D1,34,FS34,Highett,nonInc,50,149,80.5,8.37,4,68,68
SOUTHERN D1,34,FS34,Highett,emInc,185,149,80.5,8.37,4,68,68
NORTHERN,5,FS5,Broadmeadows,nonInc,54,165,80.1,8.57,4,69,69
NORTHERN,5,FS5,Broadmeadows,emInc,206,165,80.1,8.57,4,69,69
EASTERN,84,FS84,South Warrandyte,nonInc,11,20,80,8.42,4,70,70
EASTERN,84,FS84,South Warrandyte,emInc,25,20,80,8.42,4,70,70
WESTERN D1,45,FS45,Spotswood,nonInc,43,92,79.3,8.8,4,71,71
WESTERN D1,45,FS45,Spotswood,emInc,116,92,79.3,8.8,4,71,71
NORTHERN,6,FS6,Pascoe Vale,nonInc,35,102,79.1,9.2,4,72,72
NORTHERN,6,FS6,Pascoe Vale,emInc,129,102,79.1,9.2,4,72,72
WESTERN D2,43,FS43,Deer Park,nonInc,26,91,79.1,8.82,4,73,73
WESTERN D2,43,FS43,Deer Park,emInc,115,91,79.1,8.82,4,73,73
WESTERN D1,40,FS40,Laverton,nonInc,21,56,78.9,8.87,4,74,74
WESTERN D1,40,FS40,Laverton,emInc,71,56,78.9,8.87,4,74,74
SOUTHERN D2,90,FS90,Patterson River,nonInc,20,57,77,9.68,4,75,75
SOUTHERN D2,90,FS90,Patterson River,emInc,74,57,77,9.68,4,75,75
WESTERN D2,53,FS53,Sunbury,nonInc,15,59,76.6,9.18,4,76,76
WESTERN D2,53,FS53,Sunbury,emInc,77,59,76.6,9.18,4,76,76
NORTHERN,80,FS80,Craigieburn,nonInc,38,91,75.8,9.4,4,77,77
NORTHERN,80,FS80,Craigieburn,emInc,120,91,75.8,9.4,4,77,77
WESTERN D2,56,FS56,Melton,nonInc,37,158,75.6,9.5,4,78,78
WESTERN D2,56,FS56,Melton,emInc,209,158,75.6,9.5,4,78,78
WESTERN D1,58,FS58,Point Cook,nonInc,20,96,75.6,10.47,4,79,79
WESTERN D1,58,FS58,Point Cook,emInc,127,96,75.6,10.47,4,79,79
WESTERN D2,52,FS52,Tullamarine,nonInc,20,75,72.8,9.48,4,80,80
WESTERN D2,52,FS52,Tullamarine,emInc,103,75,72.8,9.48,4,80,80
WESTERN D2,54,FS54,Greenvale,nonInc,11,37,68.5,10.97,4,81,81
WESTERN D2,54,FS54,Greenvale,emInc,54,37,68.5,10.97,4,81,81
WESTERN D1,57,FS57,Tarneit,nonInc,50,140,67,10.97,4,82,82
WESTERN D1,57,FS57,Tarneit,emInc,209,140,67,10.97,4,82,82
WESTERN D3,61,FS61,Lara,nonInc,7,38,66.7,10.42,4,83,83
WESTERN D3,61,FS61,Lara,emInc,57,38,66.7,10.42,4,83,83
WESTERN D2,55,FS55,Caroline Springs,nonInc,37,103,65.2,9.98,4,84,84
WESTERN D2,55,FS55,Caroline Springs,emInc,158,103,65.2,9.98,4,84,84
WESTERN D1,59,FS59,Derrimut,nonInc,17,70,64.8,9.33,4,85,85
WESTERN D1,59,FS59,Derrimut,emInc,108,70,64.8,9.33,4,85,85
